{"sidebar-1":{"text-4":{"title":"","text":"<img title=\"banner 300250\" src=\"https:\/\/c1.staticflickr.com\/5\/4378\/36288235053_598709e36f_o.jpg\" alt=\"banner 300250\" width=\"300\" height=\"250\" \/>","filter":true,"visual":true},"majalahpro-core-mostview-2":{"title":"Berita Populer","majpro_category_ids":[0],"majpro_number_posts":5,"majpro_title_length":80,"majpro_popular_date":"alltime","majpro_hide_current_post":false,"majpro_show_categories":false,"majpro_show_comments_number":false,"majpro_show_view":true,"majpro_show_thumb":true,"bgcolor":"","color_text":"","color_link":"","color_meta":""},"majalahpro_tag_cloud-2":{"majpro_orderby_tags":"count","majpro_format_tags":"list","majpro_number_tags":10,"title":"Topik Populer","taxonomy":"newstopic"},"majalahpro_tag_cloud-3":{"majpro_orderby_tags":"count","majpro_format_tags":"flat","majpro_number_tags":10,"title":"Tag Populer","taxonomy":"post_tag"},"text-5":{"title":"","text":"<img title=\"banner 300250\" src=\"https:\/\/c1.staticflickr.com\/5\/4432\/36960269521_a8d3ae7397_o.jpg\" alt=\"banner 300250\" width=\"300\" height=\"250\" \/>","filter":true,"visual":true}},"sidebar-2":{"text-2":{"title":"","text":"<img title=\"banner 160x600\" src=\"https:\/\/c1.staticflickr.com\/9\/8635\/29960536102_ec22499b84_o.png\" alt=\"banner 160x600\" width=\"160\" height=\"600\" \/>","filter":true,"visual":true}},"sidebar-3":{"text-3":{"title":"","text":"<img title=\"banner 160x600\" src=\"https:\/\/c1.staticflickr.com\/9\/8635\/29960536102_ec22499b84_o.png\" alt=\"banner 160x600\" width=\"160\" height=\"600\" \/>","filter":true,"visual":true}},"module-after-1":{"majalahpro-posts-2":{"title":"Video terbaru","majpro_category_ids":[11],"majpro_tag_ids":[0],"majpro_column":"modulecol2","majpro_number_posts":2,"majpro_title_length":100,"majpro_category":"Video, ","majpro_tag":""}},"module-after-2":{"majalahpro-posts-3":{"title":"Berita Olahrga","majpro_category_ids":[12],"majpro_tag_ids":[0],"majpro_column":"modulecol3","majpro_number_posts":3,"majpro_title_length":100,"majpro_category":"Olahraga, ","majpro_tag":""}}}